ID,DISTRITO
4409000,9
4409010,9
4409020,9
4409022,9
4409025,9
4409030,9
4409060,9
4409070,9
4409080,9
4409085,9
4409090,9
4409040,10
4409050,10
4409100,10
4410000,10
4410004,10
4410005,10
4410006,10
4410010,10
4410020,10
4410030,10
4410040,10
4410045,10
4410046,10
4410050,10
4410060,10
4410070,10
4410080,10
4410085,10
4410090,10
4410100,10
4410110,10
4410115,10
4410120,10
4410130,10
4410140,10
4410150,10
4410160,10
4410165,10
4410170,10
4410175,10
4410180,10
4411000,11
4411010,11
4411020,11
4411030,11
4411033,11
4411035,11
4411040,11
4411050,11
4411060,11
4411070,11
4411075,11
4411080,11
4411090,11
4411100,11
4411110,11
4411120,11
4411130,11
4411140,11
4411150,11
4411160,11
4411170,11
4411180,11
4411190,11
4411195,11
4411200,11
4411210,11
4411220,11
4411225,11
4411230,11
4421000,21
4421010,21
4421020,21
4421040,21
4421050,21
4421060,21
4421070,21
4421075,21
4421080,21
4421090,21
4421100,21
4421110,21
4421120,21
4421130,21
4421140,21
4421150,21
4421160,21
4421170,21
4421180,21
4421190,21
4421195,21
4421200,21
4421210,21
4421220,21
4421225,21
4421230,21
4421233,21
4421235,21
4421236,21
4421240,21
4421245,21
4425000,25
4425005,25
4425010,25
4425015,25
4425020,25
4425025,25
4425030,25
4425035,25
4425040,25
4425050,25
4425060,25
4425070,25
4425080,25
4425090,25
4425095,25
4425100,25
4425110,25
4425120,25
4425125,25
4426000,26
4426010,26
4426015,26
4426020,26
4426030,26
4426040,26
4426050,26
4426060,26
4426070,26
4426080,26
4426085,26
4426090,26
4426100,26
4427000,27
4427005,27
4427010,27
4427015,27
4427020,27
4427021,27
4427022,27
4427023,27
4427025,27
4427030,27
4427040,27
4427050,27
4427055,27
4427060,27
4427070,27
4428000,28
4428010,28
4428020,28
4428030,28
4428040,28
4428050,28
4428060,28
4428070,28
4428075,28
4428080,28
4428090,28
4428100,28
4428110,28
4428115,28
4428130,28
4428140,28
4428150,28
4428160,28
4428170,28
4428180,28
4429000,29
4429002,29
4429003,29
4429005,29
4429010,29
4429020,29
4429030,29
4429033,29
4429035,29
4429040,29
4429050,29
4429060,29
4429065,29
4429070,29
4429080,29
4429090,29
4429100,29
4429110,29
4429120,29
4429130,29
4429135,29
4429140,29
4429150,29
4429160,29
4429170,29
4429180,29
4429190,29
4429200,29
4429205,29
4429210,29
4429220,29
4429225,29
4429230,29
4429240,29
4429250,29
4429260,29
4429265,29
4429270,29
4429280,29
4429290,29
4429300,29
4429310,29
4429320,29
4430000,30
4430010,30
4430020,30
4430030,30
4430040,30
4430050,30
4430055,30
4430060,30
4430065,30
4430070,30
4430080,30
4430090,30
4430092,30
4430095,30
4430097,30
4430100,30
4430110,30
4430112,30
4430115,30
4430120,30
4430130,30
4430132,30
4430135,30
4430140,30
4430150,30
4430155,30
4430160,30
4430161,30
4430162,30
4430163,30
4430164,30
4430165,30
4430170,30
4430180,30
4430190,30
4430200,30
4430210,30
4430220,30
4430230,30
4430235,30
4430240,30
4430250,30
4430260,30
4430270,30
4430275,30
4430280,30
4430290,30
4430300,30
4430310,30
4430320,30
4430330,30
4430340,30
4430345,30
4430350,30
4430355,30
4430360,30
4430370,30
4430380,30
4430385,30
4430390,30
4430400,30
4430410,30
4431000,31
4431001,31
4431010,31
4431020,31
4431030,31
4431040,31
4431050,31
4431060,31
4431070,31
4431080,31
4431090,31
4431091,31
4431100,31
4431110,31
4431120,31
4431130,31
4431140,31
4431150,31
4431160,31
4431170,31
4432000,32
4432010,32
4432020,32
4432022,32
4432025,32
4432027,32
4432030,32
4432040,32
4432050,32
4432060,32
4432070,32
4432080,32
4432090,32
4432100,32
4432110,32
4432115,32
4432117,32
4432120,32
4432130,32
4432140,32
4432150,32
4432160,32
4432170,32
4432180,32
4432190,32
4433010,33
4433020,33
4433030,33
4433040,33
4433050,33
4433060,33
4433070,33
4433080,33
4433090,33
4433100,33
4433110,33
4433120,33
4433130,33
4433140,33
4433150,33
4433160,33
4433170,33
4433180,33
4433185,33
4433190,33
4433200,33
4433210,33
4433220,33
4433230,33
4433240,33
4433250,33
4434000,34
4434010,34
4434015,34
4434020,34
4434030,34
4434040,34
4434050,34
4434060,34
4434070,34
4434080,34
4434090,34
4434100,34
4434110,34
4434120,34
4434130,34
4434140,34
4434150,34
4434170,34
4434180,34
4434190,34
4434200,34
4434210,34
4434220,34
4434224,34
4434226,34
4434230,34
4434240,34
4434250,34
4434260,34
4434270,34
4434280,34
4434290,34
4434300,34
4434310,34
4436000,36
4436010,36
4436020,36
4436040,36
4436050,36
4436060,36
4436070,36
4436080,36
4436090,36
4436100,36
4436110,36
4437000,37
4437010,37
4437020,37
4437030,37
4437040,37
4437050,37
4437060,37
4437070,37
4437080,37
4437090,37
4437095,37
4437100,37
4437110,37
4437140,37
4437150,37
4438000,38
4438010,38
4438020,38
4438030,38
4438040,38
4438050,38
4438055,38
4438060,38
4438070,38
4438080,38
4438090,38
4438100,38
4438110,38
4438120,38
4438130,38
4438140,38
4438150,38
4438160,38
4438170,38
4438180,38
4438181,38
4438182,38
4438190,38
4438200,38
4438210,38
4438220,38
4438230,38
4438240,38
4438250,38
4438260,38
4438270,38
4438280,38
4438290,38
4439000,39
4439010,39
4439020,39
4439030,39
4439040,39
4439050,39
4439070,39
4439080,39
4445000,45
4445010,45
4445020,45
4445030,45
4445040,45
4445050,45
4445060,45
4445070,45
4445080,45
4445090,45
4445100,45
4445110,45
4445120,45
4445130,45
4445140,45
4446000,46
4446010,46
4446020,46
4446030,46
4446040,46
4446050,46
4446060,46
4446070,46
4446080,46
4446090,46
4446100,46
4446120,46
4446125,46
4446127,46
4446130,46
4446150,46
4446160,46
4446170,46
4446180,46
4446200,46
4446210,46
4446220,46
4446230,46
4446240,46
4455000,55
4455010,55
4455020,55
4455030,55
4455040,55
4455050,55
4455060,55
4455070,55
4455080,55
4455090,55
4455100,55
4455110,55
4455120,55
4455130,55
4455140,55
4455150,55
4455160,55
4455170,55
4455180,55
4455190,55
4455210,55
4455220,55
4455230,55
4455240,55
4455250,55
4455260,55
4455280,55
4455290,55
4455300,55
4455305,55
4455310,55
4455320,55
4455340,55
4455350,55
4455360,55
4455370,55
4455380,55
4455390,55
4455400,55
4455405,55
4455410,55
4456000,56
4456010,56
4456020,56
4456030,56
4456050,56
4456070,56
4456080,56
4456090,56
4456100,56
4456110,56
4456130,56
4456135,56
4456137,56
4456139,56
4456140,56
4456142,56
4456160,56
4456170,56
4456172,56
4456175,56
4456180,56
4456190,56
4456200,56
4456202,56
4456205,56
4456210,56
4457000,57
4457010,57
4457020,57
4457030,57
4457040,57
4457060,57
4457070,57
4457080,57
4457090,57
4457100,57
4457110,57
4457120,57
4457130,57
4457140,57
4457150,57
4457160,57
4458000,58
4458005,58
4458010,58
4458020,58
4458025,58
4458030,58
4458040,58
4458050,58
4458060,58
4458070,58
4458080,58
4458090,58
4458100,58
4458110,58
4458120,58
4458140,58
4458145,58
4458150,58
4458160,58
4458170,58
4458180,58
4459000,59
4459010,59
4459015,59
4459020,59
4459030,59
4459050,59
4459060,59
4459070,59
4459080,59
4459090,59
4459100,59
4459110,59
4459120,59
4459130,59
4459140,59
4459150,59
4459160,59
4459170,59
4459180,59
4459185,59
4459190,59
4459200,59
4459210,59
4459220,59
4459230,59
4459240,59
4459250,59
4459260,59
4459270,59
4459280,59
4459290,59
4459300,59
4459310,59
4459320,59
4459330,59
4459340,59
4459350,59
4462000,62
4462010,62
4462020,62
4462030,62
4462040,62
4462050,62
4462060,62
4462070,62
4462080,62
4462090,62
4462095,62
4462105,62
4462110,62
4462120,62
4462130,62
4462140,62
4462150,62
4463000,63
4463010,63
4463020,63
4463030,63
4463040,63
4463050,63
4463060,63
4463070,63
4463080,63
4463090,63
4463110,63
4463120,63
4464000,64
4464010,64
4464020,64
4464030,64
4464040,64
4464050,64
4464060,64
4464070,64
4464080,64
4464090,64
4464100,64
4464110,64
4464120,64
4464130,64
4464140,64
4464150,64
4464160,64
4464170,64
4464180,64
4464190,64
4464195,64
4464200,64
4466020,66
4466025,66
4466030,66
4466035,66
4466040,66
4466050,66
4466060,66
4466070,66
4466080,66
4466090,66
4466100,66
4466110,66
4466115,66
4466120,66
4467000,67
4467000,67
4467030,67
4467035,67
4467040,67
4467050,67
4467060,67
4467062,67
4467065,67
4467070,67
4467080,67
4467090,67
4467110,67
4467120,67
4467123,67
4467125,67
4467130,67
4467135,67
4467140,67
4467143,67
4467145,67
4467150,67
4467155,67
4467160,67
4467190,67
4467200,67
4467220,67
4467240,67
4467245,67
4467250,67
4467260,67
4467265,67
4467270,67
4467275,67
4467285,67
4467290,67
4467295,67
4467989,67
4468000,68
4468010,68
4468020,68
4468030,68
4468040,68
4468050,68
4468055,68
4468060,68
4468070,68
4468080,68
4468090,68
4468100,68
4469000,69
4469020,69
4469050,69
4469070,69
4469090,69
4469100,69
4469103,69
4469105,69
4469107,69
4469110,69
4469123,69
4469125,69
4470000,70
4470090,70
4470100,70
4470110,70
4470120,70
4470130,70
4470140,70
4470150,70
4470160,70
4470170,70
4470180,70
4470190,70
4470210,70
4470250,70
4470260,70
4470261,70
4470262,70
4470263,70
4470270,70
4470280,70
4470300,70
4470310,70
4470315,70
4470320,70
4472010,72
4472020,72
4472025,72
4472030,72
4472040,72
4472050,72
4472060,72
4472070,72
4472080,72
4472085,72
4472090,72
4472100,72
4472110,72
4472120,72
4472130,72
4472140,72
4472160,72
4472165,72
4472170,72
4472175,72
4472185,72
4472210,72
4472215,72
4472220,72
4472225,72
4472230,72
4472240,72
4472250,72
4472260,72
4472270,72
4472280,72
4472290,72
4472300,72
4472310,72
4472320,72
4473020,73
4473180,73
4473190,73
4473220,73
4473240,73
4473250,73
4473270,73
4473280,73
4473290,73
4473310,73
4473315,73
4473320,73
4474000,74
4474010,74
4474015,74
4474020,74
4474030,74
4474040,74
4474050,74
4474060,74
4474070,74
4474080,74
4474090,74
4474100,74
4474110,74
4474120,74
4474130,74
4474140,74
4474150,74
4474160,74
4474170,74
4474180,74
4474340,74
4474350,74
4474360,74
4474370,74
4474380,74
4474390,74
4474400,74
4474410,74
4474420,74
4474440,74
4475030,75
4475040,75
4475050,75
4475060,75
4475070,75
4475075,75
4475080,75
4475090,75
4475100,75
4475150,75
4475160,75
4475170,75
4475180,75
4475190,75
4475193,75
4475195,75
4475200,75
4475205,75
4475210,75
4475220,75
4475230,75
4475240,75
4475245,75
4475250,75
4475255,75
4475280,75
4475295,75
4475375,75
4475610,75
4476150,76
4476160,76
4476170,76
4476180,76
4476190,76
4476200,76
4476215,76
4476220,76
4476232,76
4476235,76
4476240,76
4476250,76
4476480,76
4476540,76
4476552,76
4476553,76
4476555,76
4385010,85
4385020,85
4385030,85
4385040,85
4385050,85
4385060,85
4385070,85
4385080,85
4385090,85
4385100,85
4385105,85
4385110,85
4385120,85
4385130,85
4386000,86
4386010,86
4386020,86
4386030,86
4386060,86
4386070,86
4386080,86
4386100,86
4386110,86
4386120,86
4387002,87
4387004,87
4387010,87
4387030,87
4387035,87
4387040,87
4387050,87
4387060,87
4387070,87
4387080,87
4387090,87
4387100,87
4387110,87
4387120,87
4387130,87
4387140,87
4387150,87
4387170,87
4387175,87
4387177,87
4387180,87
4387190,87
4387200,87
4387210,87
4387220,87
4387230,87
4387240,87
4387250,87
4387260,87
4387270,87
4387295,87
4387300,87
4387320,87
4387340,87
4387350,87
4301000,301
4301004,301
4301006,301
4301010,301
4301010,301
4301010,301
4301010,301
4301010,301
4301010,301
4301010,301
4301011,301
4301011,301
4301011,301
4301011,301
4302000,301
4302010,301
4302020,301
4302021,301
4302022,301
4302030,301
4302040,301
4302050,301
4302051,301
4302052,301
4302060,301
4302070,301
4302080,301
4302090,301
4302100,301
4302110,301
4302120,301
4303001,301
4303010,301
4303020,301
4303030,301
4303050,301
4303060,301
4303070,301
4303210,301
4303230,301
4303240,301
4303000,302
4303040,302
4303080,302
4303090,302
4303100,302
4303110,302
4303130,302
4303140,302
4303150,302
4303160,302
4303170,302
4303180,302
4303190,302
4303200,302
4303220,302
4303250,302
4303260,302
4303270,302
4304001,302
4304020,302
4304030,302
4304050,302
4304060,302
4304070,302
4304080,302
4304090,302
4304110,302
4304111,302
4304120,302
4305000,302
4305020,302
4301001,303
4301002,303
4301011,303
4301012,303
4301030,303
4305050,303
4305060,303
4305070,303
4306020,303
4306050,303
4306070,303
4306090,303
4307000,303
4307010,303
4307030,303
4307040,303
4307050,303
4307060,303
4307065,303
4307070,303
4307080,303
4307090,303
4307100,303
4307110,303
4307120,303
4308000,303
4308001,303
4308010,303
4308020,303
4309010,303
4309011,303
4342000,304
4342001,304
4342010,304
4342011,304
4342020,304
4342030,304
4342040,304
4342050,304
4342060,304
4342070,304
4342080,304
4342090,304
4342100,304
4342110,304
4342120,304
4342130,304
4343000,304
4343010,304
4343020,304
4343030,304
4343040,304
4343050,304
4343060,304
4343070,304
4344000,304
4355001,304
4355010,304
4355020,304
4355030,304
4355040,304
4355050,304
4355060,304
4355070,304
4355080,304
4355090,304
4355100,304
4356000,304
4356010,304
4356020,304
4356030,304
4356040,304
4356050,304
4356070,304
4356080,304
4356090,304
4356100,304
4356110,304
4357000,304
4357010,304
4357020,304
4357030,304
4357040,304
4357050,304
4357060,304
4357070,304
4357080,304
4357090,304
4357100,304
4357110,304
4343080,305
4343090,305
4343100,305
4343110,305
4343120,305
4343130,305
4343140,305
4344010,305
4344020,305
4344030,305
4344050,305
4344060,305
4344070,305
4344080,305
4344090,305
4344095,305
4344100,305
4344120,305
4345005,305
4345010,305
4345020,305
4345030,305
4345040,305
4358010,305
4358015,305
4358020,305
4358030,305
4358040,305
4358050,305
4358070,305
4358075,305
4358080,305
4358090,305
4358100,305
4358110,305
4358120,305
4358130,305
4358140,305
4359000,305
4359005,305
4359010,305
4359020,305
4359030,305
4359040,305
4359050,305
4359060,305
4359070,305
4359080,305
4359090,305
4359100,305
4321000,306
4321001,306
4321002,306
4321020,306
4321040,306
4321070,306
4321080,306
4321090,306
4321100,306
4321110,306
4321120,306
4321130,306
4321140,306
4321150,306
4321160,306
4321170,306
4330000,306
4330010,306
4330020,306
4330030,306
4330040,306
4330041,306
4330042,306
4330043,306
4330045,306
4330050,306
4330060,306
4330070,306
4330080,306
4330085,306
4330100,306
4331000,306
4331010,306
4331020,306
4331030,306
4331040,306
4331050,306
4331060,306
4331070,306
4331090,306
4332000,306
4332010,306
4332050,306
4332060,306
4332075,306
4332100,306
4332130,306
4342140,306
4345000,306
4345001,306
4320000,307
4320010,307
4320020,307
4320030,307
4320040,307
4320050,307
4320060,307
4320065,307
4320070,307
4320090,307
4320100,307
4320110,307
4320120,307
4320140,307
4320150,307
4320155,307
4323020,307
4324000,307
4324010,307
4324040,307
4324050,307
4324060,307
4324070,307
4324080,307
4324090,307
4324100,307
4324110,307
4326000,307
4326010,307
4326020,307
4326030,307
4326040,307
4326050,307
4326060,307
4326070,307
4326080,307
4326090,307
4326100,307
4326110,307
4326120,307
4326130,307
4326140,307
4326150,307
4326160,307
4326170,307
4327000,307
4327010,307
4327020,307
4327040,307
4327050,307
4327055,307
4327060,307
4327070,307
4327080,307
4327110,307
4327120,307
4327130,307
4327140,307
4327150,307
4327160,307
4327175,307
4327180,307
4328000,307
4328010,307
4328020,307
4328030,307
4328040,307
4328050,307
4328055,307
4328060,307
4328080,307
4328090,307
4329000,307
4329100,307
4334000,307
4334005,307
4334010,307
4334020,307
4323000,308
4323010,308
4323030,308
4323040,308
4323050,308
4323060,308
4323070,308
4323080,308
4323090,308
4323100,308
4323110,308
4323120,308
4323130,308
4323140,308
4323150,308
4323155,308
4323160,308
4323170,308
4323180,308
4323190,308
4323215,308
4323220,308
4323230,308
4323240,308
4324120,308
4324130,308
4324140,308
4324150,308
4324160,308
4324170,308
4324180,308
4324190,308
4324200,308
4324220,308
4324230,308
4324240,308
4325000,308
4325001,308
4325005,308
4334030,308
4334040,308
4334050,308
4334060,308
4334070,308
4334080,308
4334090,308
4334100,308
4334110,308
4334120,308
4334130,308
4334140,308
4334150,308
4334160,308
4334170,308
4334180,308
4334200,308
4335050,308
4335060,308
4335070,308
4335080,308
4335090,308
4335100,308
4335110,308
4335120,308
4335130,308
4335140,308
4335150,308
4349000,309
4349010,309
4349020,309
4349030,309
4349040,309
4349050,309
4349060,309
4349070,309
4349080,309
4349090,309
4349100,309
4349110,309
4349120,309
4349130,309
4349140,309
4349150,309
4349160,309
4349170,309
4349180,309
4349190,309
4349200,309
4349210,309
4349220,309
4349230,309
4349240,309
4349250,309
4349260,309
4349270,309
4350000,309
4350010,309
4350015,309
4350020,309
4350030,309
4350040,309
4350050,309
4351000,309
4351010,309
4351030,309
4351040,309
4351050,309
4351060,309
4351070,309
4351080,309
4351090,309
4351100,309
4351110,309
4351120,309
4351130,309
4346000,310
4346010,310
4346023,310
4346025,310
4346030,310
4346040,310
4346050,310
4346060,310
4346070,310
4346080,310
4346090,310
4346095,310
4346100,310
4347000,310
4347010,310
4347020,310
4347030,310
4347040,310
4347050,310
4347060,310
4347070,310
4347080,310
4347090,310
4347100,310
4347110,310
4347120,310
4347130,310
4347140,310
4347150,310
4347160,310
4347170,310
4347180,310
4347190,310
4348000,310
4348010,310
4348020,310
4348030,310
4348040,310
4348050,310
4348060,310
4348070,310
4348080,310
4348090,310
4348100,310
4348110,310
4348120,310
4348130,310
4348140,310
4348150,310
4348160,310
4348170,310
4370105,310
4360000,311
4360001,311
4360020,311
4360030,311
4360040,311
4360050,311
4360060,311
4360065,311
4361000,311
4361010,311
4361020,311
4361040,311
4361050,311
4361060,311
4361070,311
4361075,311
4361090,311
4361100,311
4361110,311
4361120,311
4361130,311
4362000,311
4362010,311
4362020,311
4362025,311
4362030,311
4362040,311
4362050,311
4362060,311
4362070,311
4362080,311
4363001,311
4363040,311
4361001,312
4361015,312
4361030,312
4361080,312
4363000,312
4363010,312
4363020,312
4363030,312
4363040,312
4363050,312
4363060,312
4363070,312
4363080,312
4363090,312
4363100,312
4367000,312
4367010,312
4367020,312
4367030,312
4367050,312
4367055,312
4367060,312
4367065,312
4367070,312
4367080,312
4367090,312
4367110,312
4367120,312
4368003,312
4381000,312
4381001,312
4364000,313
4364010,313
4364020,313
4364030,313
4365000,313
4365001,313
4366000,313
4366001,313
4366900,313
4366901,313
4366972,313
4368006,313
4368010,313
4368020,313
4368030,313
4368040,313
4368050,313
4368060,313
4368070,313
4368080,313
4368090,313
4368110,313
4368115,313
4368120,313
4368130,313
4368140,313
4383000,313
4384110,313
4384120,313
4384130,313
4330090,314
4330110,314
4330120,314
4330130,314
4330140,314
4330150,314
4330160,314
4330170,314
4330175,314
4331080,314
4331100,314
4331105,314
4331110,314
4332020,314
4332030,314
4332040,314
4332070,314
4332080,314
4332090,314
4332110,314
4332120,314
4333000,314
4333010,314
4333020,314
4333030,314
4336000,314
4367000,314
4382020,314
4382025,314
4382030,314
4382035,314
4382038,314
4382045,314
4382050,314
4382060,314
4382070,314
4382080,314
4382090,314
4382100,314
4382110,314
4382115,314
4382120,314
4382130,314
4382140,314
4382150,314
4382160,314
4382170,314
4382180,314
4382190,314
4382200,314
4383010,314
4383030,314
4383035,314
4383037,314
4383050,314
4383070,314
4383075,314
4383080,314
4383110,314
4383113,314
4383115,314
4383120,314
4383140,314
4383145,314
4384000,314
4384010,314
4384032,314
4384034,314
4384040,314
4384050,314
4384060,314
4384070,314
4384080,314
4384090,314
4384125,314
4335000,315
4335010,315
4335020,315
4335025,315
4335030,315
4335040,315
4336010,315
4336020,315
4336030,315
4336040,315
4336050,315
4336051,315
4336060,315
4336070,315
4336080,315
4336100,315
4336110,315
4336120,315
4336130,315
4336140,315
4336150,315
4336160,315
4336165,315
4336175,315
4337000,315
4337010,315
4337020,315
4337030,315
4337040,315
4337050,315
4337060,315
4337075,315
4337080,315
4337090,315
4337095,315
4337100,315
4337110,315
4337120,315
4337130,315
4337140,315
4337150,315
4337160,315
4337170,315
4337180,315
4337185,315
4337190,315
4337210,315
4337220,315
4338000,315
4338010,315
4338020,315
4338030,315
4338050,315
4338060,315
4338070,315
4338080,315
4338090,315
4338100,315
4338110,315
4338120,315
4338130,315
4338140,315
4338150,315
4338160,315
4338170,315
4338180,315
4338190,315
4340000,315
4340010,315
4340015,315
4340020,315
4340025,315
4340028,315
4340030,315
4340035,315
4340040,315
4340060,315
4340065,315
4340068,315
4340070,315
4340090,315
4340100,315
4340110,315
4340120,315
4340130,315
4601000,316
4601001,316
4601002,316
4601003,316
4601005,316
4601010,316
4601020,316
4601028,316
4601030,316
4601040,316
4601041,316
4601042,316
4601060,316
4601061,316
4601070,316
4601071,316
4601090,316
4601093,316
4601100,316
4602000,316
4602001,316
4602002,316
4602003,316
4602004,316
4602005,316
4602006,316
4602007,316
4602010,316
4602020,316
4602030,316
4602031,316
4602040,316
4602045,316
4602050,316
4602058,316
4602060,316
4609010,316
4616000,316
4616000,316
4616001,316
4616002,316
4618020,316
4603000,317
4603001,317
4603002,317
4603003,317
4603004,317
4603010,317
4603020,317
4603030,317
4603039,317
4603900,317
4603901,317
4603903,317
4603905,317
4603906,317
4603907,317
4604000,317
4604001,317
4604002,317
4604003,317
4604004,317
4604005,317
4604006,317
4604007,317
4604008,317
4604010,317
4604900,317
4604902,317
4605000,317
4605001,317
4605002,317
4605003,317
4605004,317
4605010,317
4605020,317
4605030,317
4605040,317
4606000,317
4606001,317
4606002,317
4606003,317
4606004,317
4606010,317
4606020,317
4606030,317
4606040,317
4606050,317
4606900,317
4606901,317
4606902,317
4607000,317
4607001,317
4607002,317
4607003,317
4607010,317
4607020,317
4607030,317
4609011,317
4608000,318
4608001,318
4608002,318
4608003,318
4608020,318
4609000,318
4609001,318
4609002,318
4609003,318
4609004,318
4609005,318
4609020,318
4610000,318
4610001,318
4610002,318
4610003,318
4610004,318
4610005,318
4610020,318
4610030,318
4610040,318
4610050,318
4610060,318
4610070,318
4610080,318
4610090,318
4610100,318
4610110,318
4611000,318
4611001,318
4611002,318
4611003,318
4611004,318
4611010,318
4611020,318
4611030,318
4611040,318
4611050,318
4611060,318
4611070,318
4619030,318
4619031,318
4619032,318
4619033,318
4619034,318
4619035,318
4619040,318
4619050,318
4619060,318
4608010,319
4608011,319
4616002,319
4616003,319
4616004,319
4616005,319
4616010,319
4616020,319
4616030,319
4616900,319
4616902,319
4616902,319
4616903,319
4616904,319
4616905,319
4618000,319
4618001,319
4618002,319
4618003,319
4618010,319
4618030,319
4618031,319
4618032,319
4618033,319
4618034,319
4618035,319
4618040,319
4618050,319
4619000,319
4619001,319
4619002,319
4619003,319
4619004,319
4619005,319
4619010,319
4619020,319
4610010,320
4610011,320
4614000,320
4614001,320
4614010,320
4614011,320
4614012,320
4614013,320
4614014,320
4614015,320
4614020,320
4614030,320
4614040,320
4614050,320
4615000,320
4615001,320
4615002,320
4615003,320
4615004,320
4615005,320
4615006,320
4615010,320
4615020,320
4615030,320
4615040,320
4615050,320
4615060,320
4617000,320
4617000,320
4617000,320
4617000,320
4617000,320
4617001,320
4617001,320
4617001,320
4617002,320
4617002,320
4617002,320
4617002,320
4617003,320
4617003,320
4617003,320
4617004,320
4617004,320
4617005,320
4617005,320
4617005,320
4617006,320
4617006,320
4617007,320
4617007,320
4617007,320
4617010,320
4617010,320
4617010,320
4617010,320
4617010,320
4617011,320
4617011,320
4617011,320
4617012,320
4617012,320
4617012,320
4617013,320
4617014,320
4617014,320
4617014,320
4617014,320
4617014,320
4617015,320
4617015,320
4617015,320
4617015,320
4617015,320
4617015,320
4617020,320
4617030,320
4617039,320
4617040,320
4617060,320
4617070,320
4617900,320
4617901,320
4617902,320
4617903,320
4617904,320
4617905,320
4617906,320
4617907,320
4617908,320
4617910,320
4617959,320
4617971,320
4470194,329
4444000,330
4444000,330
4444000,330
4444000,330
4444000,330
4444000,330
4444020,330
4447010,330
4447011,330
4447020,330
4447021,330
4447025,330
4447027,330
4447901,330
4447902,330
4460000,330
4460010,330
4460020,330
4460030,330
4460040,330
4461000,330
4461010,330
4461020,330
4461025,330
4461030,330
4461050,330
4461060,330
4461070,330
4461090,330
4461100,330
4470010,370
4470030,370
4470035,370
4470040,370
4470045,370
4470050,370
4470060,370
4470070,370
4470080,370
4470085,370
4470091,370
4470092,370
4470093,370
4470094,370
4470095,370
4470096,370
4470185,370
4472000,372
4472150,372
4472180,372
4472190,372
4472195,372
4472200,372
4472205,372
4473000,373
4473010,373
4473030,373
4473040,373
4473050,373
4473060,373
4473070,373
4473080,373
4473090,373
4473100,373
4473110,373
4473120,373
4473130,373
4473140,373
4473150,373
4473160,373
4473170,373
4473230,373
4474190,374
4474200,374
4474210,374
4474220,374
4474230,374
4474240,374
4474250,374
4474260,374
4474270,374
4474280,374
4474290,374
4474300,374
4474310,374
4474320,374
4475072,375
4475110,375
4475120,375
4475380,375
4475390,375
4475430,375
4475440,375
4475450,375
4475460,375
4475470,375
4475480,375
4475580,375
4475590,375
4475620,375
4475630,375
4476000,376
4476010,376
4476020,376
4476030,376
4476040,376
4476050,376
4476060,376
4476070,376
4476075,376
4476080,376
4476090,376
4476110,376
4476115,376
4476120,376
4476125,376
4476130,376
4476135,376
4476140,376
4476270,376
4476290,376
4476320,376
4476340,376
4476350,376
4476380,376
4476410,376
4476420,376
4476430,376
4475260,385
4475270,385
4475290,385
4475300,385
4475330,385
4475340,385
4475350,385
4475370,385
4475490,385
4475492,385
4475495,385
4475497,385
4475510,385
4475520,385
4475530,385
4475540,385
4475550,385
4475560,385
4475570,385
4476260,386
4476265,386
4476280,386
4476300,386
4476310,386
4476321,386
4476345,386
4476355,386
4476390,386
4476391,386
4476395,386
4476415,386
4476425,386
4476460,386
4476465,386
4476470,386
4476475,386
4476490,386
4476493,386
4476495,386
4476500,386
4476550,386
4476560,386
4476565,386
4476590,386
4476600,386
4476610,386
4476620,386
4476630,386
4476640,386
4476650,386
4476660,386
9910000,390
9910001,390
9910002,390
9910010,390
9910020,390
9910030,390
9910040,390
9910050,390
9910060,390
9910070,390
9910080,390
9910110,390
9910115,390
9910120,390
9910130,390
9910140,390
9910150,390
9910160,390
9910170,390
9910180,390
9910190,390
9910200,390
9910220,390
9910225,390
9910230,390
9910240,390
9910250,390
9910260,390
9910300,390
9910310,390
9910320,390
9910330,390
9910340,390
9910350,390
9910360,390
9910370,390
9910380,390
9910400,391
9910440,391
9910450,391
9910460,391
9910470,391
9910480,391
9910490,391
9910500,391
9910520,391
9910530,391
9910535,391
9910540,391
9910550,391
9910560,391
9910570,391
9910580,391
9910610,391
9910620,391
9910630,391
9910640,391
9910650,391
9910660,391
9910670,391
9910680,391
9910690,391
9910700,391
9910710,391
9910720,391
9910730,391
9910740,391
9910750,391
9910760,391
9910770,391
9910989,391
9914000,391
9914010,391
9914040,391
9914050,391
9914060,391
9912000,392
9912010,392
9912020,392
9912030,392
9912040,392
9912050,392
9912060,392
9912080,392
9912090,392
9912100,392
9912120,392
9912130,392
9912140,392
9912150,392
9912160,392
9912170,392
9912180,392
9912190,392
9912200,392
9912201,392
9912205,392
9912207,392
9912210,392
9912220,392
9912230,392
9912235,392
9912240,392
9912250,392
9912260,392
9912263,392
9912265,392
9912268,392
9912270,392
9912280,392
9912300,392
9912320,392
9912340,392
9913000,393
9913010,393
9913020,393
9913030,393
9913040,393
9913050,393
9913060,393
9913070,393
9913080,393
9913090,393
9913110,393
9913120,393
9913130,393
9913140,393
9913150,393
9913160,393
9913190,393
9913195,393
9913200,393
9913210,393
9913220,393
9913230,393
9913240,393
9920000,393
9920010,393
9920020,393
9920025,393
9920050,393
9920060,393
9920100,393
9920110,393
9920130,393
9920140,393
9920150,393
9920160,393
9920170,393
9920175,393
9920190,393
9920200,393
9920210,393
9920350,393
9920360,393
9920370,393
9920380,393
9920390,393
9920400,393
9920410,393
9920450,393
9920460,393
9920470,393
9920480,393
9920490,393
9920500,393
9920520,393
9920530,393
9920540,393
9920550,393
9920560,393
9920572,393
9920575,393
9920578,393
9920579,393
9920580,393
9920590,393
9920595,393
9920600,393
9920030,394
9920040,394
9920055,394
9920080,394
9920090,394
9920220,394
9920230,394
9920250,394
9920260,394
9920270,394
9920280,394
9920290,394
9920300,394
9920320,394
9920330,394
9920340,394
9920610,394
9920630,394
9920640,394
9920650,394
9920660,394
9920670,394
9920680,394
9920690,394
9920700,394
9920710,394
9920720,394
9920730,394
9921000,394
9921003,394
9921005,394
9921010,394
9921020,394
9921028,394
9921029,394
9921030,394
9921040,394
9921050,394
9921070,394
9921080,394
9921090,394
9921100,394
9921110,394
9921130,394
9921140,394
9921150,394
9921160,394
9921170,394
9921180,394
9921182,394
9921183,394
9921184,394
9921185,394
9921186,394
9921188,394
9921190,394
9921200,394
9921210,394
9921230,394
9921240,394
9921245,394
9921250,394
9921270,394
9921280,394
9921290,394
9921300,394
9921310,394
9921320,394
9921330,394
9921340,394
9921350,394
9921370,394
9921380,394
9921390,394
9921400,394
9930270,394
9930280,394
9930290,394
9930330,394
9930340,394
9930345,394
9930350,394
9930450,394
9930460,394
9930470,394
9930475,394
9930477,394
9930480,394
9931390,394
9931610,394
9951000,395
9951002,395
9951010,395
9951020,395
9951030,395
9951040,395
9951050,395
9951060,395
9951070,395
9951080,395
9951100,395
9951110,395
9951120,395
9951140,395
9951150,395
9951160,395
9951170,395
9951180,395
9951190,395
9951200,395
9951220,395
9951225,395
9951230,395
9951240,395
9951260,395
9951270,395
9951273,395
9951275,395
9951278,395
9951280,395
9951300,395
9951310,395
9951320,395
9951330,395
9951340,395
9951350,395
9951360,395
9951370,395
9951380,395
9951390,395
9951400,395
9951410,395
9951420,395
9951430,395
9951440,395
9951450,395
9951460,395
9951465,395
9951470,395
9951475,395
9951480,395
9951485,395
9951490,395
9951495,395
9951496,395
9951497,395
9951498,395
9951499,395
9951500,395
9951510,395
9951520,395
9951530,395
9951540,395
9951550,395
9951560,395
9951570,395
9951580,395
9952205,395
9952208,395
4476073,396
4476145,396
4476210,396
4476217,396
4476230,396
9941201,397
9941445,397
9941690,397
9941720,397
9941740,397
9941760,397
9942000,397
9942080,397
9961210,397
9961350,397
9961390,397
9961400,397
9961540,397
9961550,397
9961730,397
9980025,397
9981360,397
